trial,cdrn,eta,alb_snow,alb_slush
0,0.002103437,3.169582578,0.706125028,0.594331396
1,0.001201556,3.746910658,0.790618352,0.458690929
2,0.001049242,2.066087749,0.701002046,0.407015834
3,0.002356968,2.356893689,0.804139914,0.477432026
4,0.001307144,2.684264674,0.862157168,0.467648976
5,0.001416521,2.955793375,0.829167306,0.695319347
6,0.001951034,2.498182001,0.767406754,0.60122923
7,0.001836799,2.232412856,0.866058476,0.614489568
8,0.001118229,1.900728155,0.721021811,0.512349295
9,0.001490926,1.070419624,0.884931718,0.43832242
10,0.001385495,3.888463713,0.727508842,0.586328692
11,0.001827914,3.6493241,0.706414679,0.598367187
12,0.00149623,1.491915986,0.790296145,0.699792324
13,0.002261649,1.811212708,0.806832336,0.452312778
14,0.001177022,1.908907804,0.7364957,0.434145432
15,0.001872702,0.684717115,0.894586737,0.503064298
16,0.001751991,1.602023104,0.881113145,0.439918104
17,0.001470199,2.407419829,0.848562971,0.473649683
18,0.002464644,2.046118979,0.894108041,0.613486537
19,0.001773925,3.38167917,0.837655473,0.57576396
20,0.001670142,2.032200508,0.813296235,0.699026059
21,0.001090682,3.609160406,0.823419737,0.416671752
22,0.001918354,1.347399793,0.867238935,0.415438414
23,0.00108881,3.105038011,0.776105618,0.436510308
24,0.002403285,0.625314013,0.728929668,0.458100322
25,0.002317947,1.704652104,0.843589567,0.471340846
26,0.001664265,2.864398439,0.782759098,0.457071502
27,0.001874819,2.429331218,0.756933063,0.45056545
28,0.001821746,0.693097708,0.728413601,0.692119268
29,0.001402061,4.236121572,0.701207422,0.619017076
30,0.002014499,2.520808322,0.894710146,0.418440535
31,0.001776609,1.533286542,0.814076177,0.583455016
32,0.002192428,1.16574939,0.754863072,0.443340307
33,0.002089796,3.360222373,0.807983913,0.478145302
34,0.002363572,2.933592782,0.74785503,0.661442641
35,0.001707599,1.309339063,0.875940805,0.421129871
36,0.001775178,2.246424256,0.75793326,0.644401225
37,0.002064368,3.384396141,0.825376682,0.545524549
38,0.001476645,4.194850414,0.717250929,0.561741575
39,0.001006844,2.438339824,0.801770811,0.547158999
40,0.002295828,2.689182274,0.717961635,0.41087297
41,0.001447256,2.19769409,0.760376176,0.589579114
42,0.002086619,0.655650476,0.791091355,0.635348018
43,0.002296503,2.905034982,0.812021167,0.400297262
44,0.001217422,3.547786769,0.722648668,0.440954027
45,0.001514251,3.077540575,0.850912522,0.679315338
46,0.002323777,3.427588788,0.715590183,0.580000961
47,0.00118097,1.302195037,0.896355591,0.605350515
48,0.0015398,2.093894336,0.748733842,0.447730104
49,0.001029932,2.457050067,0.867576937,0.681066816
50,0.001828662,2.881917917,0.748417535,0.41334429
51,0.002471489,3.498398351,0.721344338,0.447156808
52,0.001449102,3.046666682,0.799544747,0.416080498
53,0.001686345,2.342669182,0.750585267,0.456892939
54,0.001536428,0.620158335,0.816258464,0.693102778
55,0.001751114,3.625492352,0.825524428,0.685984869
56,0.00189163,3.977820294,0.752178189,0.431135312
57,0.00119563,3.197921308,0.719230314,0.441717073
58,0.002151308,2.747357236,0.752845796,0.553470602
59,0.002001698,1.141077823,0.893670858,0.402724497
60,0.001362163,1.232003634,0.737585617,0.431640137
61,0.001092218,2.871834127,0.78593878,0.523362546
62,0.001639946,1.342160052,0.85480833,0.519005871
63,0.002127739,1.502978295,0.762555413,0.499747128
64,0.001282913,2.352976944,0.707276483,0.423337853
65,0.001573519,1.488395803,0.834394899,0.684405996
66,0.001098843,3.993838645,0.743622573,0.496859664
67,0.002114674,1.38465514,0.75345352,0.693736578
68,0.001656149,4.279830812,0.77852518,0.541835709
69,0.001127393,3.127040545,0.720236154,0.604199483
70,0.002440698,3.674703874,0.800047798,0.691329954
71,0.001777322,2.999303971,0.852120429,0.653533634
72,0.001652776,0.641625914,0.751472355,0.659361614
73,0.001905253,2.983743422,0.862675875,0.411990006
74,0.001558201,3.086309603,0.757072231,0.480049067
75,0.001039501,4.023444992,0.797342686,0.581432882
76,0.001396372,1.449756538,0.851671268,0.596679954
77,0.001354055,3.182339268,0.859524203,0.563377662
78,0.001138091,2.639940573,0.856090903,0.564997446
79,0.001101714,3.041729346,0.85624531,0.567681112
80,0.001597463,2.393323626,0.874153227,0.476555731
81,0.002320351,2.433416836,0.860898333,0.611161861
82,0.001088342,3.142574395,0.791202624,0.570466449
83,0.002133449,4.037078933,0.815550673,0.414801546
84,0.001445648,0.982257941,0.714139675,0.454150057
85,0.00214441,0.648250837,0.716353511,0.67034658
86,0.00145094,1.996662682,0.886100419,0.626580735
87,0.001289889,0.916749537,0.885592448,0.540926318
88,0.001350521,1.185874497,0.714203221,0.686406237
89,0.001419991,2.386371143,0.858703959,0.536884825
90,0.002249602,2.636976565,0.807490923,0.408980328
91,0.002314759,2.74256926,0.70410121,0.471854721
92,0.00206681,3.665423105,0.792235635,0.453038159
93,0.001043992,2.85506613,0.775591719,0.457322
94,0.001041696,3.678624421,0.844193659,0.629501522
95,0.002061851,2.425991055,0.784951586,0.637502592
96,0.001864027,3.518877514,0.750253117,0.556211353
97,0.001242498,4.007891773,0.86659124,0.541227223
98,0.002458753,4.226900713,0.837336235,0.663248462
99,0.002073351,2.548142166,0.820334685,0.400887014
100,0.001612567,2.672301622,0.784020937,0.610672958
101,0.002375337,3.188152639,0.882969383,0.49385375
102,0.001893299,2.720465283,0.702357197,0.433702074
103,0.001888772,3.848642185,0.732769065,0.680684249
104,0.001051084,2.150456481,0.877459914,0.563784609
105,0.001481302,3.738830981,0.705664239,0.511798513
106,0.001667301,2.266840285,0.705372874,0.645617313
107,0.001363075,0.774572076,0.809936938,0.632823302
108,0.002113655,3.903695893,0.824046154,0.623796518
109,0.001401726,1.74553255,0.885751636,0.452198844
110,0.002422315,3.715436997,0.767755966,0.410231992
111,0.002234307,1.12639433,0.847588037,0.543003771
112,0.001327106,3.345652419,0.830172697,0.413985381
113,0.002144538,3.465344324,0.789520099,0.434378964
114,0.001813812,4.209173258,0.824648214,0.464113118
115,0.001095348,3.448086275,0.812766227,0.560435268
116,0.001199554,3.934221126,0.728351286,0.462546712
117,0.001056826,2.105273719,0.722123589,0.517041389
118,0.001493254,3.593113508,0.85026145,0.449133055
119,0.001988611,1.893477668,0.801295995,0.468195537
120,0.001699242,2.010960586,0.754265857,0.433176568
121,0.001461728,4.179104198,0.742222004,0.486692451
122,0.002182769,1.82082097,0.851411918,0.511389782
123,0.001070838,3.70047518,0.837899074,0.605153498
124,0.001426719,4.121196302,0.852427374,0.4809196
125,0.001250245,3.811786359,0.838002695,0.471082173
126,0.001915768,3.350694044,0.814533551,0.678764073
127,0.001506836,2.941272218,0.842975846,0.556924638
128,0.002218655,2.724352988,0.861497543,0.579060017
129,0.001753488,1.066297857,0.873872589,0.620692906
130,0.00233532,3.454249574,0.832309229,0.483601599
131,0.002031222,1.696204289,0.899577356,0.436106464
132,0.002456554,2.56016395,0.707445137,0.583063636
133,0.001511066,1.41982095,0.744399076,0.669773788
134,0.002236331,3.916909189,0.778335352,0.524240136
135,0.002102018,2.534845845,0.752339742,0.551736243
136,0.001148597,2.752429643,0.77418298,0.447035946
137,0.001014467,3.39139663,0.718568918,0.539513014
138,0.001834662,3.749093478,0.850584866,0.498927677
139,0.001221066,4.05713446,0.835568429,0.429970761
140,0.001824613,0.65275293,0.836806051,0.413043826
141,0.00198635,2.833630784,0.862867004,0.675770295
142,0.002396388,1.10923683,0.742157679,0.655527815
143,0.001411948,3.599881001,0.835085861,0.505239372
144,0.001371435,1.295060641,0.798785798,0.462034322
145,0.001858399,3.111045963,0.734296275,0.559789447
146,0.001771386,3.400843884,0.822690135,0.638932883
147,0.002256691,3.417380261,0.702807815,0.635880499
148,0.002074967,1.94693423,0.899073318,0.687956871
149,0.002052846,1.689797876,0.749109778,0.592617451
150,0.002460966,0.936304556,0.728705765,0.666306175
151,0.002371112,4.018834221,0.841401799,0.644947567
152,0.001741916,2.270905463,0.730981287,0.651018496
153,0.00122573,2.293432001,0.753055892,0.416255704
154,0.002411428,0.791596577,0.869118346,0.57330135
155,0.002141274,2.052864829,0.772552802,0.661681323
156,0.002224462,1.581240265,0.736773553,0.623136231
157,0.001929193,4.155879656,0.76816004,0.437331772
158,0.001551226,3.957880358,0.79415941,0.588767278
159,0.001779663,1.482498305,0.897993732,0.487987738
160,0.002283128,0.931488364,0.883699185,0.576254512
161,0.001716957,2.601518486,0.827901825,0.493369646
162,0.001348883,3.375700087,0.817159781,0.43359302
163,0.001547917,2.410005088,0.834029674,0.506013179
164,0.001908806,2.112369309,0.706311125,0.528487743
165,0.001301144,1.622413477,0.713474714,0.688458111
166,0.001454971,2.645141648,0.884536932,0.533049288
167,0.002396775,2.660093793,0.793273948,0.52504677
168,0.001422386,3.633291935,0.740711553,0.545395743
169,0.001258846,0.815806424,0.775353715,0.600429523
170,0.002056519,4.291246238,0.88391545,0.446185356
171,0.001394943,1.685862536,0.833056288,0.461143475
172,0.001189441,2.02884266,0.815040605,0.537521593
173,0.002328098,4.038454627,0.761913809,0.490864894
174,0.002280105,4.248531641,0.772068175,0.508132736
175,0.001959376,4.261064984,0.863098265,0.685055214
176,0.001556742,0.660214057,0.780267885,0.442219631
177,0.001076682,3.817905195,0.752690874,0.627564054
178,0.001930144,2.194391374,0.824375686,0.665378613
179,0.001484503,1.091935079,0.855735039,0.580569338
180,0.00163283,2.76863653,0.732829999,0.409959233
181,0.002408143,3.691733121,0.798923507,0.425070131
182,0.002185872,0.70973125,0.781847698,0.454667416
183,0.002012853,2.944160844,0.858091599,0.664580693
184,0.001023134,2.088961294,0.70069788,0.652288744
185,0.002476576,2.262101892,0.700259696,0.443611121
186,0.001152843,3.905855751,0.808492662,0.448400457
187,0.001608989,3.800663989,0.711377863,0.552430015
188,0.00101724,3.784921052,0.882121256,0.595546231
189,0.001281738,0.841493255,0.736128543,0.559581611
190,0.001062787,3.474426473,0.832606337,0.689834122
191,0.002173512,2.201145222,0.782920691,0.5566063
192,0.002438184,2.552795012,0.844882619,0.554744225
193,0.001471785,4.125694127,0.881493653,0.453697707
194,0.001379627,3.574844039,0.773240997,0.443077461
195,0.001132638,4.162699697,0.773694304,0.619884041
196,0.002305539,3.433623146,0.738344599,0.458460092
197,0.001516472,0.635206479,0.845407653,0.609236369
198,0.002084761,3.920724667,0.719174518,0.637188223
199,0.001579019,3.280508169,0.731416781,0.49712565
200,0.001714307,1.548034173,0.886280712,0.563817536
201,0.002463342,1.171781975,0.830716002,0.450135165
202,0.002095936,3.298500602,0.879308292,0.421774591
203,0.002331742,1.470597029,0.891496913,0.582173298
204,0.001611157,3.444865864,0.844605377,0.688939125
205,0.001193093,3.331121708,0.7020053,0.414166094
206,0.001437958,2.512836172,0.732589864,0.664981817
207,0.001205358,2.009224898,0.764338834,0.500700231
208,0.001266868,3.414911261,0.873753358,0.512023338
209,0.001861943,2.289867829,0.890373943,0.679645621
210,0.002068837,2.976857021,0.71321147,0.640788995
211,0.00123131,2.047947614,0.878434274,0.408156638
212,0.001310822,0.724958249,0.827172961,0.547802343
213,0.001276166,1.206769135,0.779897997,0.652754487
214,0.001001902,3.489090026,0.845305455,0.6733259
215,0.001817129,3.661491834,0.849929251,0.481228276
216,0.00124316,4.277364837,0.78547092,0.611681141
217,0.002415518,1.283448621,0.782469686,0.659851667
218,0.001950431,1.884817774,0.737676186,0.630937212
219,0.001236902,4.167980535,0.780743526,0.502844713
220,0.002266425,1.388738029,0.875285387,0.490401666
221,0.002047773,1.178021107,0.818177632,0.530306433
222,0.002473806,3.526756221,0.847655448,0.406480973
223,0.001717622,4.13495888,0.806287619,0.642713606
224,0.00217464,2.257226166,0.857946051,0.411278446
225,0.001229497,1.297040097,0.817262538,0.462292177
226,0.001372561,4.243520979,0.790860315,0.465141597
227,0.001353548,3.254787848,0.787431793,0.658625469
228,0.001194816,3.708373331,0.87635383,0.44990608
229,0.001640946,4.268234593,0.801925422,0.63859799
230,0.001456086,2.949289936,0.890029805,0.442877257
231,0.001734027,2.078171532,0.839984416,0.404028753
232,0.002441644,0.888026664,0.846483817,0.574380825
233,0.002165689,2.741679814,0.798233107,0.657893387
234,0.002291245,0.871414965,0.77358741,0.581874855
235,0.001606272,3.550340956,0.771151017,0.549151176
236,0.001063628,1.147629392,0.840074172,0.570038705
237,0.001966115,3.568422216,0.810978914,0.683954143
238,0.001674507,3.33491237,0.731699313,0.61545024
239,0.001964803,3.659732934,0.731924207,0.515985513
240,0.001906323,3.182640784,0.746100921,0.627923579
241,0.001616538,3.259404962,0.796179241,0.446248027
242,0.002392359,2.450643155,0.803018505,0.523231649
243,0.001000766,2.314135734,0.735689475,0.584885883
244,0.001150644,2.920749912,0.755402998,0.412387975
245,0.002453628,1.368345789,0.745812781,0.47471715
246,0.002361328,1.562109038,0.819635817,0.658206637
247,0.001914883,4.076295008,0.775969459,0.502219909
248,0.001511902,2.336884479,0.855958556,0.540045141
249,0.002042195,0.943926714,0.756308049,0.693417456
250,0.001068285,2.025062156,0.759099958,0.406057327
251,0.001926163,1.638969631,0.864454505,0.48779519
252,0.00168301,3.561948567,0.71141614,0.595779318
253,0.002023996,0.771305968,0.821012762,0.642107628
254,0.001743851,1.807214227,0.804868044,0.482926302
255,0.001405265,1.796243713,0.84973567,0.436696689
256,0.00101223,3.100591646,0.788849374,0.403510401
257,0.002494223,1.512249888,0.783126977,0.531346017
258,0.001931616,1.486409734,0.701740456,0.527534385
259,0.001129445,3.209637478,0.863315153,0.514997485
260,0.002028107,1.264890146,0.826655188,0.632129138
261,0.001694586,2.857256998,0.76711022,0.660834227
262,0.002135492,0.679885787,0.769160639,0.485040679
263,0.002492493,2.222427699,0.812848964,0.494931728
264,0.002162065,1.974426348,0.758223321,0.548360017
265,0.001721924,0.992845309,0.843183579,0.588108048
266,0.001309797,1.461628762,0.79906935,0.428049479
267,0.001566411,3.283239035,0.763692489,0.526021046
268,0.002121121,3.696120745,0.73461783,0.674087882
269,0.001453992,1.099580071,0.715633894,0.697072322
270,0.002088142,1.413246342,0.789270504,0.565775199
271,0.001321382,4.173886189,0.83613198,0.501333025
272,0.001701324,2.137857296,0.709945216,0.565076313
273,0.001322984,3.941106837,0.725467511,0.501870908
274,0.001053986,3.262375036,0.835272671,0.57242565
275,0.002157486,1.78641112,0.820921421,0.678254572
276,0.002265381,4.014803709,0.840956986,0.65112414
277,0.001847911,0.828018456,0.792991979,0.533507474
278,0.002135587,0.609172788,0.894369064,0.501025617
279,0.001625621,3.31702168,0.774310967,0.437788777
280,0.001659709,0.740471672,0.841278207,0.41379499
281,0.002293865,0.787585349,0.77504534,0.511283905
282,0.002275179,3.062515935,0.823817575,0.656024168
283,0.002034162,0.985539177,0.843760172,0.416805646
284,0.002181252,3.321458847,0.859230895,0.531644532
285,0.002342387,0.925845184,0.859819483,0.406825511
286,0.001187979,3.563792629,0.878279037,0.497340908
287,0.001086332,1.932090069,0.870876305,0.670902435
288,0.002432023,1.560482509,0.892027383,0.476922078
289,0.002197236,2.368508349,0.840727297,0.587577023
290,0.002008278,1.112167903,0.762014122,0.404236137
291,0.001838543,1.931198163,0.783547737,0.6979478
292,0.001185244,1.396239228,0.711115096,0.43265381
293,0.001531062,2.58194099,0.831843871,0.431226872
294,0.001108105,1.51567726,0.771979414,0.424496929
295,0.002012033,2.704329129,0.861605904,0.692795309
296,0.002488877,4.109687518,0.77647313,0.514737509
297,0.001971978,3.005023871,0.897294765,0.612241429
298,0.00149003,2.478532081,0.721998609,0.613026404
299,0.001787082,3.035391313,0.851330108,0.621446313
300,0.002093402,4.105556002,0.828604966,0.601965948
301,0.001763513,1.707104757,0.884694499,0.496235254
302,0.001704004,2.787021277,0.811172232,0.587207372
303,0.002366551,2.148120584,0.894807774,0.444666292
304,0.001417591,1.835227822,0.821212783,0.547501081
305,0.001324526,2.98264277,0.796862145,0.507674392
306,0.001594932,2.483453053,0.765749748,0.680404161
307,0.001957761,1.191667344,0.812334003,0.405239042
308,0.001840964,3.522616948,0.886932439,0.571836277
309,0.002240809,1.45157718,0.79498522,0.675485617
310,0.001254143,2.18278286,0.808284086,0.509921212
311,0.001852441,2.706070493,0.735538872,0.520416649
312,0.00173915,1.783596399,0.758520471,0.516522412
313,0.001032422,1.904868427,0.833975241,0.404638437
314,0.001170974,2.614683724,0.86991266,0.691152045
315,0.001435619,3.044853024,0.860417472,0.533335673
316,0.001257564,3.799409818,0.888227349,0.594730596
317,0.001593934,2.915686367,0.70874369,0.507190493
318,0.001944304,4.144879343,0.719479299,0.474028742
319,0.001033784,0.861192724,0.8205518,0.665575131
320,0.00135811,2.554899262,0.772384166,0.535410294
321,0.001799636,1.363725465,0.789632758,0.474588619
322,0.001166858,0.800965609,0.892229985,0.653923918
323,0.001199316,4.225761589,0.736269994,0.663961166
324,0.001729876,1.408383431,0.891763327,0.685422627
325,0.00215329,0.850524039,0.874261894,0.475281715
326,0.002180106,2.840822886,0.733817218,0.464821963
327,0.001937315,2.669735758,0.85455405,0.591818756
328,0.002125453,0.647106026,0.802276873,0.419695647
329,0.001078668,1.078926598,0.866343064,0.498572472
330,0.001904344,3.867384,0.89580564,0.468882059
331,0.001197945,0.784039499,0.757629486,0.645123038
332,0.001811574,0.945595181,0.85399455,0.425440342
333,0.002465963,3.743130404,0.70398199,0.467282799
334,0.001383169,3.405798156,0.8104613,0.45536931
335,0.001638768,3.244728147,0.768631513,0.566349054
336,0.002409647,2.849726233,0.80890364,0.45394307
337,0.001644392,2.227750739,0.896828958,0.405620239
338,0.001462894,2.737309351,0.785224773,0.606474809
339,0.001890605,1.614459754,0.831473589,0.401813731
340,0.001482895,4.042373214,0.753280053,0.522001002
341,0.001549556,1.609115668,0.765901846,0.618021085
342,0.001469281,0.829625682,0.716768313,0.621707631
343,0.002137324,3.531260624,0.708987703,0.455545896
344,0.001820133,4.052238016,0.890606218,0.522638448
345,0.001698189,3.403475827,0.735004594,0.508518354
346,0.001457646,1.247314547,0.845710631,0.672302189
347,0.002002694,2.937551722,0.767384165,0.652507486
348,0.002418877,2.468849731,0.854209413,0.576426845
349,0.001746844,3.67091982,0.763552422,0.529278386
350,0.001347752,1.009152332,0.809147162,0.494582303
351,0.002270795,3.824386574,0.847851981,0.602885295
352,0.002048618,0.673865978,0.888501914,0.53600229
353,0.00219851,3.440159399,0.893831531,0.690783547
354,0.001466077,1.727496544,0.758980456,0.628821906
355,0.001713407,0.797604406,0.829944824,0.555064004
356,0.002348328,1.23960845,0.712231943,0.495877133
357,0.001202614,3.763241482,0.716849444,0.531752928
358,0.001486455,2.71001305,0.797495687,0.668175404
359,0.001519947,1.046855626,0.820127792,0.451201096
360,0.001561311,3.118482379,0.874629893,0.653209066
361,0.001805182,0.91172639,0.724860196,0.677609304
362,0.002146141,2.46480404,0.795318973,0.569505616
363,0.001483515,4.139498786,0.738868262,0.557772574
364,0.001657711,3.357686654,0.714633764,0.497974532
365,0.002287901,0.978825753,0.792168512,0.441220936
366,0.002451138,2.413447072,0.768555817,0.505814532
367,0.002467319,3.05650802,0.803496635,0.59358649
368,0.002232452,3.537658216,0.864737933,0.611990902
369,0.002260493,2.609575919,0.759656778,0.681191198
370,0.001507059,1.682867261,0.74570533,0.488599885
371,0.00192846,2.019770814,0.772852423,0.526516117
372,0.001822147,2.974136729,0.799987533,0.690210918
373,0.002246385,1.984204217,0.70055206,0.618109135
374,0.002344498,3.303259665,0.738638703,0.608088765
375,0.002292193,1.120108106,0.795607106,0.41767134
376,0.001975367,1.278911351,0.852886657,0.662782303
377,0.001038926,2.792025743,0.824502263,0.476020726
378,0.001024999,1.428167994,0.780411077,0.578774163
379,0.002223662,3.071524587,0.713121814,0.518657461
380,0.001442053,2.161500124,0.849067539,0.504780333
381,0.002207833,3.234368171,0.744457928,0.673091109
382,0.001731936,1.874647714,0.710818348,0.626110233
383,0.001629024,3.194970225,0.813971817,0.618535254
384,0.001582058,4.273413472,0.809291172,0.548834994
385,0.002413105,2.758272992,0.869266675,0.595206167
386,0.001214188,1.26186049,0.746803132,0.617076781
387,0.00243518,1.502075295,0.746792836,0.679034565
388,0.001286552,4.100609672,0.741128043,0.493289394
389,0.002297513,1.05770596,0.801465185,0.640232248
390,0.001560258,2.89616143,0.721642576,0.628486279
391,0.00102579,1.842957227,0.811272214,0.602623998
392,0.001818443,1.031054523,0.812478527,0.59015768
393,0.002310635,4.112160767,0.730274217,0.568282935
394,0.002060191,3.972497568,0.858544321,0.600793863
395,0.002201724,0.688574073,0.755941517,0.629376793
396,0.001332331,2.69273287,0.899698651,0.594013101
397,0.00224917,1.921552621,0.846606902,0.647883294
398,0.001255079,2.573824144,0.740285799,0.599990946
399,0.001520933,0.779710462,0.722951038,0.517852636
400,0.001120687,2.729717394,0.740998366,0.491111599
401,0.002322479,0.908164604,0.874507137,0.609419042
402,0.002480917,2.322875758,0.730640431,0.422878432
403,0.002382237,1.96769047,0.814693544,0.528087678
404,0.002203769,1.981168316,0.795469021,0.560633983
405,0.001955819,0.838277629,0.829696001,0.626872414
406,0.001935433,1.544237253,0.815730355,0.6394367
407,0.001921906,2.176985316,0.868727855,0.648247315
408,0.001251935,2.358670306,0.729963467,0.535603423
409,0.002421785,1.86649443,0.881653502,0.698340918
410,0.002428114,2.899355595,0.870056044,0.535213603
411,0.001665613,3.848590423,0.883143718,0.630126628
412,0.002139819,1.240267014,0.747026836,0.65894393
413,0.002405678,2.482117083,0.832104627,0.421470947
414,0.001897132,3.148400118,0.747452241,0.504190276
415,0.001171219,1.668316472,0.863613443,0.455942108
416,0.001381584,1.774863235,0.851038874,0.544558571
417,0.001623455,2.155574368,0.75062575,0.403146193
418,0.002276956,3.457550015,0.774898425,0.582728082
419,0.001341082,1.317650557,0.727728984,0.57266745
420,0.001568782,1.287005162,0.806159623,0.498347607
421,0.001643317,1.359436907,0.702798978,0.497724862
422,0.001807704,4.253832838,0.831082136,0.423405587
423,0.001369219,1.27382981,0.862428517,0.464455225
424,0.002475014,1.590363228,0.817886467,0.549450153
425,0.001409597,3.602099325,0.882379504,0.635753906
426,0.002461849,0.632047118,0.765343342,0.612960603
427,0.001342878,2.389202838,0.888973528,0.678066719
428,0.002066037,1.433133394,0.724270714,0.408487109
429,0.001997434,1.585554823,0.825648283,0.437948655
430,0.001895665,1.014164147,0.701918384,0.562634148
431,0.002444954,4.130785945,0.887074762,0.543853514
432,0.002043826,2.80844331,0.704904686,0.621065628
433,0.001018102,2.568147027,0.756720734,0.672732893
434,0.001602436,1.466867722,0.786673199,0.426840835
435,0.001314727,2.964772357,0.8365376,0.401186649
436,0.001224248,1.617939887,0.867927684,0.671412483
437,0.001802044,1.538756963,0.743174557,0.471634288
438,0.001222117,1.035018003,0.886455401,0.439782875
439,0.002399456,0.948427713,0.729112097,0.596839003
440,0.001675066,3.930568517,0.821852848,0.619497368
441,0.002211613,1.760163665,0.776939266,0.407532505
442,0.002172916,3.758327074,0.733732205,0.476401784
443,0.001688036,3.781190743,0.856510237,0.479502684
444,0.002351032,2.021667312,0.803331282,0.678537893
445,0.00113373,1.531339089,0.865816436,0.57736099
446,0.001336582,0.719595918,0.70686975,0.432734464
447,0.001575048,2.140506375,0.795943432,0.59884974
448,0.001479512,2.302475852,0.800761598,0.477993925
449,0.002099467,2.51692362,0.843935519,0.405793806
450,0.002417158,4.001994392,0.718051642,0.461227016
451,0.001035159,2.696536173,0.710618222,0.485391094
452,0.00210644,3.42360937,0.753864158,0.676144025
453,0.002281534,0.905683926,0.818321364,0.42419332
454,0.002348928,2.960207841,0.872475642,0.584225323
455,0.002142662,2.134774019,0.718820757,0.537247976
456,0.001391482,0.725815465,0.748386781,0.438774718
457,0.002499833,1.878770725,0.740186894,0.519725043
458,0.002469497,3.674069213,0.785095164,0.460661059
459,0.002368031,1.219502182,0.824847668,0.683623055
460,0.00146717,2.11510435,0.723004164,0.448174491
461,0.001394467,1.310504327,0.888729044,0.543111213
462,0.002055534,0.762904238,0.796410522,0.445061203
463,0.001175679,2.417531244,0.882714905,0.592457822
464,0.002090783,2.819757775,0.75379039,0.453301857
465,0.002118878,2.379821725,0.87074705,0.550193815
466,0.001923016,3.544961583,0.723296564,0.57194437
467,0.002308902,0.923597213,0.863926152,0.536348064
468,0.002387479,0.951757182,0.7946111,0.43058871
469,0.001910951,2.647747245,0.805736425,0.651913396
470,0.001603124,1.37475365,0.898887058,0.584019462
471,0.001073567,1.768242103,0.853329233,0.506885025
472,0.002022237,1.474347326,0.76662858,0.492320089
473,0.001878403,0.869591731,0.701432842,0.409819718
474,0.001047887,1.332311703,0.792782611,0.463407213
475,0.002493285,1.26626969,0.876193479,0.60340726
476,0.001616492,3.949191893,0.736812251,0.642560276
477,0.002051442,3.775990631,0.868266637,0.53091519
478,0.001946567,3.249915221,0.838640901,0.649559281
479,0.002227133,1.464187239,0.848902916,0.436901871
480,0.00173337,3.370519005,0.749690824,0.400524043
481,0.001541816,2.345910085,0.856867951,0.526957806
482,0.001427921,3.290424838,0.734873564,0.590718174
483,0.002017243,3.389135722,0.714809528,0.638060832
484,0.002319678,4.296516794,0.852320745,0.695052461
485,0.00188592,1.85407625,0.826987793,0.480177304
486,0.001570311,1.882130337,0.807286817,0.671896743
487,0.00161816,2.53980297,0.754492374,0.68687571
488,0.002446542,3.897418869,0.837033579,0.602303071
489,0.002195364,1.861701777,0.718282031,0.482152295
490,0.001857685,3.409099224,0.847036214,0.555683752
491,0.001635957,3.911845255,0.764437958,0.661262625
492,0.001933228,2.09984901,0.796656035,0.654118906
493,0.002155967,2.595841092,0.816829635,0.676442449
494,0.00207901,1.200197805,0.861109569,0.644685532
495,0.001721259,3.226631838,0.810253842,0.509088427
496,0.001178896,2.883668641,0.84271982,0.457849797
497,0.001982174,1.063998223,0.747622241,0.692862036
498,0.002316688,2.060775959,0.839007456,0.624013332
499,0.00225807,1.416363439,0.797950096,0.556480146
500,0.00147821,1.597858947,0.825910264,0.566805813
501,0.002251026,2.037351338,0.897693495,0.495571007
502,0.002304822,1.445983589,0.704720574,0.518124122
503,0.001580722,1.936784321,0.792567773,0.447532755
504,0.001692264,0.82140404,0.838217831,0.487361955
505,0.001187429,1.175984755,0.707946506,0.562078782
506,0.001274933,1.823159184,0.804657927,0.494051
507,0.001373816,1.166506617,0.743973873,0.634743254
508,0.002044571,4.004159286,0.723480538,0.571051634
509,0.001501238,1.572099158,0.774444302,0.564662966
510,0.002383634,2.421134937,0.857658258,0.460365291
511,0.001544017,3.604839389,0.872837228,0.515408163
512,0.001247419,2.403314646,0.770637432,0.534920583
513,0.001016243,3.115252932,0.865142529,0.525868612
514,0.001398338,1.871832591,0.885865721,0.662306623
515,0.001993969,0.901144089,0.798071344,0.448671273
516,0.00105052,4.09668182,0.748012145,0.500413047
517,0.0020998,3.309205169,0.87794798,0.516713979
518,0.0020774,3.213978218,0.838861881,0.675192455
519,0.001429902,3.26786286,0.849548148,0.649832948
520,0.001159782,4.064122843,0.806535702,0.666818712
521,0.001946341,3.928457312,0.791904337,0.6768253
522,0.001219289,0.80621606,0.853767474,0.515711722
523,0.001622429,1.015549273,0.876697871,0.562468345
524,0.001876278,3.836274563,0.896503546,0.551260895
525,0.001248657,0.689927732,0.764171045,0.694014652
526,0.001740446,2.719983775,0.716532669,0.64891168
527,0.00103078,0.705001816,0.738589234,0.589035706
528,0.002205259,2.827486522,0.811664052,0.599359608
529,0.001042196,1.526498747,0.765475454,0.43923191
530,0.001671601,1.518054354,0.788641419,0.664077123
531,0.001855561,1.456639371,0.725849495,0.555307817
532,0.002312596,2.000466195,0.705971271,0.546799897
533,0.001517686,3.705660302,0.897040807,0.649152496
534,0.001500275,2.993152452,0.711727059,0.687371605
535,0.001522138,3.220567947,0.876957484,0.558601092
536,0.001083098,3.436155043,0.823665378,0.451490991
537,0.002163795,2.185061129,0.739676731,0.523681296
538,0.001529153,3.77358163,0.899318661,0.454570077
539,0.001340371,1.037802969,0.75650217,0.605561764
540,0.001445473,3.688585885,0.838412114,0.588097562
541,0.002286733,1.088023542,0.854738631,0.491714141
542,0.001351632,1.990085903,0.871238815,0.599749836
543,0.001064577,1.162206051,0.859781515,0.65585912
544,0.002122967,1.439679792,0.846193851,0.622618785
545,0.001809176,1.152367988,0.805938646,0.646709618
546,0.001335639,1.89017454,0.895056384,0.636320287
547,0.001234832,3.735968333,0.751093606,0.647022769
548,0.00119198,2.491274382,0.846233084,0.484859724
549,0.001811064,0.857637254,0.702462399,0.516270743
550,0.001537781,2.780052079,0.889974202,0.524651633
551,0.001143779,1.645800289,0.834720988,0.684107637
552,0.0012375,3.504458055,0.873532811,0.444967807
553,0.001230438,2.444676972,0.72461978,0.59217961
554,0.001545264,0.698377451,0.777473423,0.409475745
555,0.001763377,3.060311878,0.829393034,0.694855733
556,0.001307849,1.421825682,0.809636666,0.527383375
557,0.001769321,0.938584447,0.847269463,0.492804334
558,0.001842307,1.677045612,0.867667124,0.427611781
559,0.002372869,2.987206016,0.898355167,0.654748979
560,0.001728481,1.994244062,0.74130074,0.401680381
561,0.002032602,2.893679351,0.74622019,0.610498766
562,0.001058837,1.751122849,0.897474561,0.69696617
563,0.001493976,0.700449837,0.810139876,0.419039037
564,0.00121532,1.717418033,0.853496921,0.606395983
565,0.002020787,2.373969367,0.82825591,0.486925544
566,0.001902153,4.201468134,0.718656642,0.61005199
567,0.00158943,0.893072426,0.896690083,0.604813801
568,0.001073291,1.083481331,0.743475436,0.524145068
569,0.001870984,2.843358876,0.884199883,0.469082687
570,0.002237828,3.981180099,0.827276336,0.645819412
571,0.002273771,3.955803186,0.813518414,0.465997098
572,0.002272129,3.712966747,0.814980468,0.60014411
573,0.00129501,1.574108346,0.830815,0.435861886
574,0.001605169,1.925827547,0.709775606,0.430723008
575,0.001556283,4.166223277,0.712012781,0.41153727
576,0.002178563,2.624688398,0.804548857,0.472256678
577,0.001135205,1.018959194,0.76264066,0.669386787
578,0.001259968,1.403460639,0.709556995,0.47317312
579,0.001128224,0.962453489,0.808719314,0.567191238
580,0.002450043,0.897385874,0.73343896,0.585327753
581,0.001271064,3.615420534,0.738196692,0.682486992
582,0.00189966,2.796227675,0.88027475,0.622127357
583,0.002039664,1.399758318,0.724411068,0.652933867
584,0.001540787,2.280448482,0.822477034,0.603143095
585,0.001630312,1.945030464,0.893065851,0.625073406
586,0.001526833,1.074824189,0.717734749,0.609776072
587,0.001207676,1.006013018,0.725385721,0.526736458
588,0.001389617,0.833797462,0.796306684,0.699500268
589,0.001239807,2.401337526,0.74262764,0.57514226
590,0.002190707,2.117285191,0.75758667,0.601566761
591,0.001286099,2.761872619,0.881922088,0.58965111
592,0.001145986,4.027384302,0.833561279,0.56001745
593,0.001329753,4.29330544,0.862397792,0.654580138
594,0.001727124,2.507690205,0.766534478,0.63427681
595,0.001596475,4.088324877,0.769594136,0.626444486
596,0.002005901,0.712466861,0.842212208,0.691879108
597,0.00236592,0.976692007,0.837454468,0.632749071
598,0.001009885,1.496789373,0.784390231,0.639243752
599,0.001860653,2.952804809,0.710041752,0.667788924
600,0.002230102,1.001775579,0.772766206,0.430212831
601,0.001587148,3.245686697,0.761632326,0.574819737
602,0.001769549,1.352217099,0.740410778,0.434552196
603,0.001833504,2.785168533,0.71612269,0.608207873
604,0.00125346,1.09378805,0.852787617,0.510331337
605,0.001625133,2.714539614,0.895764632,0.474227072
606,0.001755759,0.640187198,0.731351266,0.569465752
607,0.001684467,1.836823192,0.784465465,0.475444817
608,0.001825672,2.242663994,0.720847322,0.683007679
609,0.002213832,2.619887716,0.766186741,0.520759884
610,0.001601409,3.94837139,0.855092467,0.690495986
611,0.001205629,3.52341473,0.855297745,0.441464964
612,0.001406665,2.230891745,0.858800583,0.6432717
613,0.002247906,3.314768092,0.710271743,0.439563631
614,0.001093373,1.098266708,0.807190769,0.66837327
615,0.00225939,0.920067013,0.788378603,0.607252067
616,0.002479753,3.961999531,0.878725812,0.429373117
617,0.001514854,0.740668861,0.882599681,0.459813335
618,0.001226754,3.910511771,0.856708515,0.625710286
619,0.001333786,3.839681849,0.89282802,0.694305842
620,0.002333411,0.809263689,0.741437253,0.462887898
621,0.002337359,4.062968655,0.712956407,0.681760868
622,0.001736082,2.754163098,0.886781866,0.544142856
623,0.001245177,4.212267386,0.839278389,0.426403498
624,0.001392026,3.860739799,0.757213709,0.435448164
625,0.001331312,2.545945858,0.774706593,0.530015832
626,0.001703416,3.763648159,0.769316825,0.550724814
627,0.001497742,2.015519977,0.786551128,0.422597595
628,0.002097946,4.150882703,0.822838154,0.525348953
629,0.001125566,2.570854934,0.848669854,0.630543782
630,0.001676635,2.928596697,0.863466616,0.446565679
631,0.002234642,1.913296929,0.833267778,0.640339667
632,0.001724082,4.017831389,0.762272803,0.698620465
633,0.001972318,1.213899066,0.728104277,0.682873472
634,0.002063347,1.541844869,0.779281819,0.532641988
635,0.001533704,3.06608965,0.717196915,0.597376681
636,0.001887061,4.143849899,0.799383909,0.601890707
637,0.001438754,2.650852466,0.80107755,0.62497174
638,0.001212621,2.130897393,0.779764669,0.677173355
639,0.002071722,1.961034035,0.898471524,0.432016483
640,0.002037602,0.844374535,0.744113178,0.401292363
641,0.002009813,2.474787891,0.859081118,0.438416156
642,0.00208059,1.84412571,0.854089833,0.452558023
643,0.00159076,1.304815219,0.764827381,0.579724885
644,0.001408412,1.288229556,0.872047956,0.697577861
645,0.001920039,1.224344502,0.739447222,0.472805197
646,0.002478557,2.678117886,0.788042863,0.561043418
647,0.001027254,1.255284038,0.712452078,0.456371819
648,0.001163004,3.811334524,0.8999981,0.695837677
649,0.002108865,0.967103495,0.758093417,0.469913321
650,0.001474819,1.732140279,0.868964877,0.618877781
651,0.002242752,3.467603111,0.877624661,0.466081312
652,0.002154594,1.384310682,0.720634726,0.670855793
653,0.002244277,3.365672823,0.773826192,0.514289665
654,0.001767486,2.925403366,0.802760231,0.63128185
655,0.001756583,2.776187054,0.826559772,0.427285981
656,0.002306793,3.013352561,0.739250106,0.41778225
657,0.001338348,1.157163423,0.802143219,0.548615555
658,0.001075071,2.070610456,0.834406534,0.473364905
659,0.002484412,2.395591187,0.725667381,0.607360115
660,0.002119606,2.603038003,0.759213872,0.499037957
661,0.001110404,1.319908475,0.81752879,0.52554509
662,0.001535362,0.958787163,0.841178497,0.534557807
663,0.002112342,2.995238173,0.777866917,0.495308119
664,0.001976791,3.831865704,0.700077457,0.568631538
665,0.002401478,3.65454677,0.793953261,0.685862463
666,0.001368238,1.60306422,0.816444287,0.479466098
667,0.001045337,1.716535266,0.891290209,0.480535007
668,0.001765188,2.963446084,0.752534706,0.55419311
669,0.001147158,1.025105182,0.720470745,0.521288343
670,0.001681911,3.637362349,0.819960018,0.635104822
671,0.001854066,3.539111508,0.841865084,0.611445894
672,0.001156246,3.984558138,0.722389806,0.585936468
673,0.001503161,1.848484145,0.767995762,0.608712139
674,0.001789415,1.956132384,0.732118473,0.575445781
675,0.001451738,2.283562808,0.873273328,0.604472902
676,0.001585783,4.126556794,0.72380274,0.620450104
677,0.001845304,1.665224256,0.821799722,0.54800373
678,0.001316431,3.294786481,0.739836166,0.542665414
679,0.002482557,3.492105859,0.887616191,0.662989363
680,0.001345591,2.876467532,0.8275005,0.506369017
681,0.002124923,1.52244512,0.7794013,0.570266133
682,0.001554498,0.878268959,0.783252595,0.575865096
683,0.001320714,0.669924091,0.781342961,0.641479192
684,0.001272561,3.787420856,0.778135923,0.650659386
685,0.002376833,2.65444813,0.887964023,0.647312096
686,0.002108195,3.050241282,0.755786991,0.68889301
687,0.001749218,0.717275282,0.876570282,0.640936464
688,0.001097387,4.206784084,0.865697738,0.606045677
689,0.002212044,3.627959663,0.770357161,0.681580625
690,0.001838242,3.131715689,0.777667512,0.692387171
691,0.002354353,2.332124553,0.721470484,0.643647387
692,0.001962846,2.660997821,0.715341199,0.551900778
693,0.001705561,0.628234942,0.70850572,0.594452957
694,0.002117173,1.93964976,0.781617276,0.666405331
695,0.001291569,1.370473829,0.895527165,0.580743777
696,0.002377754,3.461684961,0.821435372,0.518304734
697,0.001937645,1.701477378,0.833610744,0.482376726
698,0.002168215,2.886843797,0.832467117,0.614642908
699,0.001211317,0.998026925,0.755216927,0.558341629
700,0.001269446,1.048954645,0.816693802,0.613746282
701,0.001546156,3.033328367,0.868574006,0.519181563
702,0.001948013,4.285140519,0.875679006,0.47569217
703,0.002390346,3.329213307,0.880707717,0.539489639
704,0.002427189,2.346736932,0.770471471,0.665959407
705,0.002069548,1.027967273,0.883373922,0.512526148
706,0.001112721,0.733804234,0.790540876,0.682227492
707,0.001326213,2.515842825,0.820712684,0.551128703
708,0.00168947,2.835016423,0.83975996,0.482696193
709,0.002075833,4.197158351,0.864193071,0.55386797
710,0.001008994,3.018535362,0.734164163,0.53424968
711,0.001761384,1.430508779,0.764649748,0.684868346
712,0.001057775,1.114553441,0.808099773,0.69784789
713,0.002496424,1.553367255,0.707705718,0.587027008
714,0.001718546,4.263598721,0.749932213,0.529338977
715,0.001278849,2.561671218,0.825137696,0.481758138
716,0.001356385,2.772669823,0.739041036,0.486132719
717,0.00197471,2.585801494,0.850639519,0.658353412
718,0.001263486,2.665938463,0.879815961,0.461566044
719,0.001650871,3.206922009,0.864324053,0.586651678
720,0.001983684,1.979061814,0.77735114,0.4352998
721,0.002170077,4.184913934,0.836784235,0.504653812
722,0.001693721,3.683813424,0.845913546,0.494234383
723,0.001592074,3.884281404,0.841621857,0.67174754
724,0.001646602,2.172966949,0.846958293,0.639813688
725,0.001846665,1.628059888,0.750965192,0.540692913
726,0.001784069,1.136776307,0.744681321,0.648583436
727,0.001953081,1.324305777,0.855484859,0.492646692
728,0.001925128,1.440447298,0.70446043,0.470414326
729,0.001166049,3.826750997,0.839505024,0.624220231
730,0.002053293,2.295629314,0.890875787,0.513934691
731,0.001488103,0.731294966,0.742827113,0.449722495
732,0.00237934,3.238732369,0.789136169,0.667199324
733,0.001998313,1.813666716,0.853127652,0.657310016
734,0.001645299,3.008779403,0.729778657,0.650401272
735,0.001672654,1.639773187,0.74171813,0.489221529
736,0.001553152,2.31080015,0.771259071,0.545095683
737,0.002346813,4.232692665,0.80024421,0.689398585
738,0.002485303,2.827082539,0.760998731,0.549985679
739,0.002369524,3.794845566,0.800509099,0.536668482
740,0.001711498,3.645073068,0.754683029,0.578227842
741,0.002269957,1.950793905,0.891054358,0.603887795
742,0.002200852,1.198329576,0.871720857,0.609012727
743,0.001264756,2.188421992,0.807660467,0.668643384
744,0.001302665,3.15605317,0.82327879,0.646019298
745,0.001464962,2.065041627,0.89355524,0.477139318
746,0.001137874,3.0822952,0.81309754,0.45958121
747,0.001296798,2.606907922,0.794485458,0.532008656
748,0.001158879,2.213435267,0.857030427,0.555924109
749,0.001869208,3.481048064,0.793754329,0.617644331
750,0.001066441,1.860585177,0.715980479,0.412775295
751,0.002130527,3.23500766,0.719707394,0.46977714
752,0.002312255,1.339097554,0.755016924,0.424758679
753,0.002025766,4.247286622,0.88435299,0.674833881
754,0.001910334,3.587786528,0.892442648,0.519649779
755,0.001472917,2.799235033,0.726689601,0.669539953
756,0.002299244,3.639279028,0.866936858,0.44422551
757,0.001584435,2.083308788,0.78108338,0.533911504
758,0.002425402,1.59205872,0.726160586,0.565450744
759,0.002045753,3.506248319,0.849380293,0.510584536
760,0.002351808,0.825654626,0.860613696,0.584642444
761,0.001984731,3.101257982,0.840512735,0.539116255
762,0.001798986,4.095113808,0.760163812,0.503582898
763,0.001759864,2.701053572,0.729278383,0.568498544
764,0.00187935,1.569121509,0.730018131,0.538132994
765,0.001055155,1.333190517,0.850022812,0.627201187
766,0.001576694,1.358293807,0.769608831,0.42072064
767,0.002006555,3.451292745,0.845059987,0.657498354
768,0.002268102,3.157978353,0.819535672,0.607715929
769,0.001999175,4.084924134,0.890493287,0.546325083
770,0.001102757,3.924386389,0.887226376,0.590264194
771,0.001747816,1.32595868,0.818862441,0.506529729
772,0.001954721,3.343904675,0.776739432,0.573859455
773,0.002215118,1.756620484,0.819313515,0.651561325
774,0.001155477,3.999636312,0.818458655,0.633796681
775,0.001140485,4.257780421,0.727383932,0.554234521
776,0.002036463,1.652278185,0.717485838,0.517422256
777,0.002497171,2.056366521,0.769826427,0.582550147
778,0.001633363,3.618109985,0.785721831,0.572984216
779,0.001423169,4.08106635,0.749468184,0.696300694
780,0.001737031,3.001719419,0.734490669,0.563053346
781,0.001980168,2.629930887,0.82761792,0.403720576
782,0.002359759,1.657932338,0.814342903,0.467994316
783,0.001365811,3.395198244,0.73323911,0.576827157
784,0.001843524,3.559197094,0.726848683,0.40267503
785,0.001099326,3.85712004,0.745226747,0.489411146
786,0.00238806,2.577901553,0.893202262,0.598984788
787,0.001430738,0.605032736,0.735923875,0.55792837
788,0.001866102,1.917623974,0.778831246,0.513261526
789,0.001744913,4.069895386,0.87190176,0.443985545
790,0.00194331,1.508422373,0.826284548,0.460134564
791,0.001987418,2.821400189,0.87540918,0.445523271
792,0.002487611,2.524370469,0.737867469,0.520175072
793,0.001400127,3.494966014,0.842428504,0.488891293
794,0.001434179,2.278044661,0.881310495,0.48391798
795,0.00128049,1.736897809,0.751770716,0.463189524
796,0.00239197,3.287672833,0.771674444,0.659798443
797,0.00111166,1.393483176,0.831291983,0.512825956
798,0.001784948,1.671516505,0.765116089,0.643426606
799,0.001169351,2.458048376,0.797682565,0.677257673
800,0.002193044,0.754165137,0.836215157,0.456557957
801,0.001815126,3.136122286,0.750031597,0.615260659
802,0.002254254,2.530416264,0.857488118,0.469383239
803,0.002026469,2.813431113,0.768942033,0.485946279
804,0.00188181,0.876210094,0.898633922,0.414590518
805,0.00243313,0.863123211,0.782197404,0.542461307
806,0.001274293,2.810131836,0.795190588,0.4654246
807,0.002419417,1.377898579,0.861394282,0.561210014
808,0.001599906,0.676614827,0.703529765,0.617362649
809,0.001119598,2.767082374,0.751303857,0.680012514
810,0.001318299,3.023274212,0.818752165,0.631675816
811,0.001709562,2.206596883,0.831667373,0.664742408
812,0.001375388,1.042824531,0.766249572,0.674311009
813,0.001851197,1.253064708,0.7879701,0.500039902
814,0.00199511,2.27271681,0.714593708,0.429599335
815,0.00186741,2.871226144,0.816163388,0.615895242
816,0.002081613,1.897761407,0.787381941,0.598254587
817,0.001459462,2.919337784,0.798565555,0.483154294
818,0.001793271,2.098104138,0.892609772,0.564363913
819,0.001366154,3.025939119,0.732288573,0.552222808
820,0.001021406,2.909382158,0.800948963,0.428392948
821,0.001312216,2.14603968,0.828429152,0.619908032
822,0.001386469,2.169394941,0.803806085,0.540136986
823,0.001504346,1.055027054,0.80424709,0.484290914
824,0.001627102,2.368763512,0.857339453,0.509364369
825,0.001123089,2.682288077,0.782251688,0.656618902
826,0.001794913,2.251875461,0.733051686,0.571451984
827,0.001883378,0.601272135,0.868134455,0.521502945
828,0.002226025,3.963393343,0.79012931,0.464559836
829,0.002149152,3.174825306,0.805010159,0.402125245
830,0.002148053,4.116869169,0.81775129,0.484446268
831,0.001940907,3.072381749,0.719905546,0.661919853
832,0.001660167,1.132128803,0.763335252,0.522235066
833,0.001084669,3.732816262,0.715133721,0.557266415
834,0.002430611,4.285970932,0.709220778,0.420596722
835,0.001655267,0.812243846,0.712672418,0.440594795
836,0.001404193,2.075746013,0.727911474,0.595924403
837,0.002439685,1.747466552,0.784600787,0.426023005
838,0.001873791,3.483935856,0.761269847,0.422441937
839,0.001005387,0.795186219,0.802495489,0.622466945
840,0.001637414,3.37481269,0.791512517,0.647678504
841,0.001361363,3.584407532,0.726439985,0.553248405
842,0.002158007,2.246699905,0.835687563,0.577011916
843,0.001567662,3.578946802,0.81364465,0.528856727
844,0.002016499,3.572661245,0.82896368,0.592943557
845,0.001081737,1.660270237,0.880597583,0.532508495
846,0.001261302,0.616661904,0.705173485,0.61500001
847,0.00110405,1.854732464,0.756194228,0.404983659
848,0.001780422,1.13417236,0.794297133,0.655064975
849,0.001011191,3.274077521,0.783906075,0.688043837
850,0.002490281,1.193772916,0.871411816,0.687451966
851,0.001967772,2.326953589,0.805394806,0.522914009
852,0.001172848,3.819283264,0.703778562,0.65633608
853,0.002404368,3.806507776,0.889331808,0.597525109
854,0.001412837,3.276797249,0.787138476,0.579320613
855,0.001298487,1.557773999,0.823150161,0.586215781
856,0.001439838,3.854624862,0.73059497,0.673756085
857,0.001163871,2.49054847,0.898063377,0.637816706
858,0.001284964,1.124912899,0.832844476,0.466857296
859,0.001831919,2.084881184,0.866615907,0.417160908
860,0.001122379,2.16811206,0.703217894,0.638367453
861,0.001991457,4.090577031,0.786083885,0.649941263
862,0.001679871,1.273057113,0.709165946,0.502544773
863,0.002285293,2.122651085,0.763043404,0.588415559
864,0.001757585,0.745671638,0.86008132,0.420264341
865,0.001141167,3.093028807,0.761044351,0.674649547
866,0.002358036,1.143965044,0.729477128,0.699126446
867,0.001509558,3.87542976,0.745482128,0.636753004
868,0.001863623,2.588506332,0.793582193,0.596363712
869,0.0020583,3.874363904,0.806781902,0.40903076
870,0.001377016,2.260325291,0.822050386,0.521183213
871,0.001288672,1.248792787,0.891947929,0.629127093
872,0.002334567,4.0448875,0.848395791,0.612654522
873,0.002039072,2.301153388,0.708211217,0.537806958
874,0.002177124,1.235524959,0.848187348,0.579537452
875,0.002303,3.149362431,0.865434331,0.450809444
876,0.00232966,2.803307236,0.703049513,0.50532419
877,0.001004079,4.220644766,0.870283897,0.501564003
878,0.00185025,4.071676164,0.889664291,0.570839734
879,0.002196457,1.711502402,0.887463878,0.616036538
880,0.00232451,3.992166755,0.720031202,0.689681034
881,0.001061434,2.36168081,0.822293114,0.558996311
882,0.001298688,3.755881282,0.877354084,0.415792423
883,0.001161454,1.800060202,0.726343269,0.54145612
884,0.001667848,3.866766427,0.72240734,0.440306578
885,0.001978728,3.721532926,0.799785934,0.545931467
886,0.001415019,3.353549218,0.746581676,0.574213073
887,0.002412747,1.630917402,0.811552803,0.628235773
888,0.002444132,1.673492343,0.786214803,0.513601921
889,0.001883766,2.969534455,0.751915677,0.514538529
890,0.001378976,3.647101361,0.758642779,0.432299499
891,0.002131028,3.215957476,0.830249461,0.426200167
892,0.002222002,2.633900194,0.741917794,0.591442023
893,0.0024247,2.109044957,0.744895203,0.5690776
894,0.001724563,2.309054099,0.777032323,0.53883844
895,0.002278147,1.183368741,0.835854385,0.660385188
896,0.002362448,2.213138263,0.861822666,0.646447355
897,0.001218059,2.847689333,0.711936879,0.412137254
898,0.001359321,1.827377916,0.869678971,0.542119751
899,0.001530565,3.422749492,0.880151272,0.634554424
900,0.002210021,4.176824439,0.879031639,0.529847395
901,0.001797853,1.208832297,0.759584353,0.470565074
902,0.001303075,1.635658182,0.829527692,0.633176861
903,0.001184464,0.750664906,0.761528208,0.642066284
904,0.001293733,2.378821272,0.706764834,0.641768717
905,0.002381342,1.97206793,0.780139892,0.6253111
906,0.00164818,3.230208493,0.895363993,0.669096967
907,0.001106247,1.794773149,0.811941359,0.544749875
908,0.001114706,2.537709362,0.778634381,0.466305216
909,0.001233371,1.610314971,0.858309559,0.663453344
910,0.001678773,2.04238833,0.880971341,0.683412683
911,0.002165146,3.08736388,0.805551686,0.491483394
912,0.001562532,0.666439387,0.783776194,0.485741865
913,0.001116931,3.120162975,0.815991547,0.632425046
914,0.002400578,3.72769797,0.71057437,0.463719341
915,0.00230123,3.968072038,0.754161911,0.490198891
916,0.001614038,4.237971291,0.883442645,0.585493621
917,0.002183511,3.095552621,0.870577668,0.559214131
918,0.001662019,1.480512043,0.737029668,0.45177365
919,0.002384568,1.734448418,0.803649321,0.6213408
920,0.002253646,1.217032173,0.885099697,0.591133462
921,0.001036116,1.347816407,0.770868047,0.597919541
922,0.001795013,4.153757563,0.82618573,0.449212499
923,0.001498298,3.164985743,0.819111803,0.696606976
924,0.001343794,0.759611916,0.885297021,0.491899316
925,0.002216852,2.160120551,0.872609049,0.644048279
926,0.002229262,4.190834478,0.766801254,0.468591672
927,0.001571748,2.220264485,0.844530429,0.421939154
928,0.001106767,1.764508569,0.742561011,0.583795434
929,0.002128418,3.59464094,0.889507636,0.667448732
930,0.002394534,1.829284362,0.731124493,0.633508701
931,0.00202996,1.772315187,0.724022322,0.528159565
932,0.002160031,3.72532566,0.879569168,0.488427706
933,0.001425,2.329900949,0.708043332,0.427500698
934,0.001790958,3.87859696,0.878050438,0.410721718
935,0.002436271,3.163939566,0.776240682,0.503270898
936,0.002339072,3.305541511,0.851822638,0.629850071
937,0.001523826,1.806002721,0.760768566,0.423707378
938,0.001609518,1.777083506,0.723622703,0.479035241
939,0.001697495,0.966112525,0.843349516,0.686754829
940,0.001420805,2.592953112,0.877102555,0.454907533
941,0.002019398,0.611340605,0.797169361,0.593232137
942,0.001690483,2.464736119,0.84031452,0.614181471
943,0.001619611,2.731577713,0.704262698,0.660578996
944,0.001241184,1.061977493,0.871086413,0.577808059
945,0.0015648,1.650736659,0.83051505,0.623411489
946,0.001788352,3.177953757,0.779089827,0.507705346
947,0.001912951,3.514025203,0.802995505,0.508701974
948,0.002187801,3.700862294,0.763840948,0.578141246
949,0.001963967,0.989609987,0.874884451,0.489805544
950,0.001578289,2.623422044,0.896084522,0.419435174
951,0.001829991,3.02820023,0.743257653,0.44241715
952,0.001939826,1.740419905,0.867128055,0.56771465
953,0.001652209,3.265270417,0.842141313,0.459104745
954,0.001069332,3.326098105,0.786990859,0.543644145
955,0.001900949,3.842872202,0.773165156,0.672421624
956,0.001803237,0.972296044,0.869557628,0.478388923
957,0.001970392,0.85517395,0.735245801,0.487024562
958,0.001144132,0.755931392,0.879609133,0.458940049
959,0.002240095,4.050733587,0.745065134,0.496372582
960,0.00117414,1.721880549,0.809504578,0.499325967
961,0.001917058,1.916475866,0.725158456,0.636557278
962,0.001182141,3.191060274,0.727182959,0.44571833
963,0.002327385,4.030133828,0.789866635,0.631535203
964,0.002004109,0.892254094,0.860325197,0.550555624
965,0.00115442,2.204712039,0.888108071,0.566099052
966,0.002448979,1.964931056,0.79179816,0.573575032
967,0.00222009,3.9891307,0.878958177,0.670068642
968,0.002188067,0.884360378,0.749307704,0.546432793
969,0.002456439,2.907121226,0.834959474,0.503940664
970,0.002472284,1.692497681,0.713825357,0.481486279
971,0.002289698,3.128578732,0.889014633,0.478821183
972,0.002169193,1.788846975,0.707037795,0.606702469
973,0.001526332,3.620732528,0.737364024,0.561611064
974,0.00234054,2.446863986,0.705404325,0.420023744
975,0.001709436,1.226101916,0.748904473,0.429009504
976,0.001080968,3.553465665,0.864952476,0.407483606
977,0.002093905,2.317318282,0.74738272,0.616707567
978,0.002104333,3.940404092,0.713739687,0.530792064
979,0.001992845,3.769054554,0.810635439,0.418639465
980,0.002452559,3.340978572,0.771597249,0.472499763
981,0.002264194,2.126315378,0.865273329,0.435078005
982,0.001443948,3.792867199,0.793107385,0.624633551
983,0.001387141,2.496082488,0.781576986,0.418286126
984,0.001961127,2.235623898,0.81528581,0.509716521
985,0.001305298,2.866113377,0.759934348,0.408058076
986,0.001782384,3.203250221,0.87511339,0.538419118
987,0.002207382,2.005613174,0.788418534,0.552716981
988,0.002342579,3.892044543,0.760542242,0.616534123
989,0.001316702,0.766781999,0.76834382,0.566770818
990,0.001130967,1.57812374,0.844230569,0.657077535
991,0.001267867,3.475052316,0.762921083,0.58118774
992,0.001209821,1.103622661,0.770138753,0.69578747
993,0.002354711,3.140655624,0.872326987,0.467084276
994,0.001019605,4.188315952,0.873004964,0.415092225
995,0.002110664,3.509691354,0.828056373,0.581700838
996,0.001805549,2.504616109,0.70087238,0.590820632
997,0.002083089,3.896373271,0.78091014,0.425541339
998,0.001894795,2.439747416,0.787623887,0.510711035
999,0.001433009,4.215073866,0.775636665,0.428657594
